<?xml version = "1.0" encoding = "utf-8"?>
<!DOCTYPE hibernate-configuration SYSTEM 
"http://www.hibernate.org/dtd/hibernate-configuration-3.0.dtd">

<hibernate-configuration>


	<session-factory>

		<property name="hibernate.hbm2ddl.auto">update</property>

		<property name="hibernate.connection.driver_class">com.mysql.cj.jdbc.Driver</property>
		<property name="hibernate.connection.url">jdbc:mysql://localhost:3306/mydb</property>
		<property name="hibernate.connection.username">root</property>
		<property name="hibernate.connection.password">zahid@97</property>
		<property name="show_sql">true</property>

		<mapping class="employee.Employee" />

	</session-factory>

</hibernate-configuration>
